{
    "name": "root",
    "gauges": {
        "MoveToTarget.Policy.Entropy.mean": {
            "value": 1.4168788194656372,
            "min": 1.4168788194656372,
            "max": 1.4204599857330322,
            "count": 2
        },
        "MoveToTarget.Policy.Entropy.sum": {
            "value": 70135.5,
            "min": 70135.5,
            "max": 72145.1640625,
            "count": 2
        },
        "MoveToTarget.Environment.EpisodeLength.mean": {
            "value": 20.381810561609388,
            "min": 20.381810561609388,
            "max": 53.921436588103255,
            "count": 2
        },
        "MoveToTarget.Environment.EpisodeLength.sum": {
            "value": 48631.0,
            "min": 48044.0,
            "max": 48631.0,
            "count": 2
        },
        "MoveToTarget.Step.mean": {
            "value": 99972.0,
            "min": 49967.0,
            "max": 99972.0,
            "count": 2
        },
        "MoveToTarget.Step.sum": {
            "value": 99972.0,
            "min": 49967.0,
            "max": 99972.0,
            "count": 2
        },
        "MoveToTarget.Policy.ExtrinsicValueEstimate.mean": {
            "value": 0.7573022842407227,
            "min": 0.004308480303734541,
            "max": 0.7573022842407227,
            "count": 2
        },
        "MoveToTarget.Policy.ExtrinsicValueEstimate.sum": {
            "value": 1873.56591796875,
            "min": 5.557939529418945,
            "max": 1873.56591796875,
            "count": 2
        },
        "MoveToTarget.Environment.CumulativeReward.mean": {
            "value": 0.9828092243186582,
            "min": 0.27078651685393257,
            "max": 0.9828092243186582,
            "count": 2
        },
        "MoveToTarget.Environment.CumulativeReward.sum": {
            "value": 2344.0,
            "min": 241.0,
            "max": 2344.0,
            "count": 2
        },
        "MoveToTarget.Policy.ExtrinsicReward.mean": {
            "value": 0.9828092243186582,
            "min": 0.27078651685393257,
            "max": 0.9828092243186582,
            "count": 2
        },
        "MoveToTarget.Policy.ExtrinsicReward.sum": {
            "value": 2344.0,
            "min": 241.0,
            "max": 2344.0,
            "count": 2
        },
        "MoveToTarget.Losses.PolicyLoss.mean": {
            "value": 0.023876356948167084,
            "min": 0.023876356948167084,
            "max": 0.024611910106614232,
            "count": 2
        },
        "MoveToTarget.Losses.PolicyLoss.sum": {
            "value": 0.11938178474083543,
            "min": 0.09844764042645693,
            "max": 0.11938178474083543,
            "count": 2
        },
        "MoveToTarget.Losses.ValueLoss.mean": {
            "value": 0.02445849353757997,
            "min": 0.02445849353757997,
            "max": 0.06544282976537943,
            "count": 2
        },
        "MoveToTarget.Losses.ValueLoss.sum": {
            "value": 0.12229246768789986,
            "min": 0.12229246768789986,
            "max": 0.26177131906151774,
            "count": 2
        },
        "MoveToTarget.Policy.LearningRate.mean": {
            "value": 0.00025687801437399997,
            "min": 0.00025687801437399997,
            "max": 0.0002846073051309,
            "count": 2
        },
        "MoveToTarget.Policy.LearningRate.sum": {
            "value": 0.0012843900718699998,
            "min": 0.0011384292205236,
            "max": 0.0012843900718699998,
            "count": 2
        },
        "MoveToTarget.Policy.Epsilon.mean": {
            "value": 0.18562600000000004,
            "min": 0.18562600000000004,
            "max": 0.19486910000000002,
            "count": 2
        },
        "MoveToTarget.Policy.Epsilon.sum": {
            "value": 0.9281300000000002,
            "min": 0.7794764000000001,
            "max": 0.9281300000000002,
            "count": 2
        },
        "MoveToTarget.Policy.Beta.mean": {
            "value": 0.0042827374,
            "min": 0.0042827374,
            "max": 0.004743968090000001,
            "count": 2
        },
        "MoveToTarget.Policy.Beta.sum": {
            "value": 0.021413687,
            "min": 0.018975872360000003,
            "max": 0.021413687,
            "count": 2
        },
        "MoveToTarget.IsTraining.mean": {
            "value": 1.0,
            "min": 1.0,
            "max": 1.0,
            "count": 2
        },
        "MoveToTarget.IsTraining.sum": {
            "value": 1.0,
            "min": 1.0,
            "max": 1.0,
            "count": 2
        }
    },
    "metadata": {
        "timer_format_version": "0.1.0",
        "start_time_seconds": "1650265096",
        "python_version": "3.9.10 (tags/v3.9.10:f2f3f53, Jan 17 2022, 15:14:21) [MSC v.1929 64 bit (AMD64)]",
        "command_line_arguments": "C:\\Users\\dbige\\AppData\\Local\\Programs\\Python\\Python39\\Scripts\\mlagents-learn --run-id=Move_To_Goal --force",
        "mlagents_version": "0.29.0",
        "mlagents_envs_version": "0.29.0",
        "communication_protocol_version": "1.5.0",
        "pytorch_version": "1.11.0+cu115",
        "numpy_version": "1.21.2",
        "end_time_seconds": "1650265227"
    },
    "total": 130.73625879999997,
    "count": 1,
    "self": 0.0052895000000035,
    "children": {
        "run_training.setup": {
            "total": 0.021839199999999837,
            "count": 1,
            "self": 0.021839199999999837
        },
        "TrainerController.start_learning": {
            "total": 130.70913009999998,
            "count": 1,
            "self": 0.1220372999998176,
            "children": {
                "TrainerController._reset_env": {
                    "total": 5.2249113000000005,
                    "count": 1,
                    "self": 5.2249113000000005
                },
                "TrainerController.advance": {
                    "total": 125.22616170000016,
                    "count": 6532,
                    "self": 0.10336030000051721,
                    "children": {
                        "env_step": {
                            "total": 96.0290772999999,
                            "count": 6532,
                            "self": 86.71818249999933,
                            "children": {
                                "SubprocessEnvManager._take_step": {
                                    "total": 9.248150100000325,
                                    "count": 6532,
                                    "self": 0.2159635000001252,
                                    "children": {
                                        "TorchPolicy.evaluate": {
                                            "total": 9.0321866000002,
                                            "count": 3734,
                                            "self": 3.998251200000155,
                                            "children": {
                                                "TorchPolicy.sample_actions": {
                                                    "total": 5.033935400000045,
                                                    "count": 3734,
                                                    "self": 5.033935400000045
                                                }
                                            }
                                        }
                                    }
                                },
                                "workers": {
                                    "total": 0.06274470000024035,
                                    "count": 6531,
                                    "self": 0.0,
                                    "children": {
                                        "worker_root": {
                                            "total": 65.39904909999973,
                                            "count": 6531,
                                            "is_parallel": true,