{
    "name": "root",
    "metadata": {
        "timer_format_version": "0.1.0",
        "start_time_seconds": "1650006880",
        "python_version": "3.9.10 (tags/v3.9.10:f2f3f53, Jan 17 2022, 15:14:21) [MSC v.1929 64 bit (AMD64)]",
        "command_line_arguments": "C:\\Users\\dbige\\AppData\\Local\\Programs\\Python\\Python39\\Scripts\\mlagents-learn",
        "mlagents_version": "0.29.0",
        "mlagents_envs_version": "0.29.0",
        "communication_protocol_version": "1.5.0",
        "pytorch_version": "1.11.0+cu115",
        "numpy_version": "1.21.2",
        "end_time_seconds": "1650006942"
    },
    "total": 61.3913534,
    "count": 1,
    "self": 10.006035000000004,
    "children": {
        "run_training.setup": {
            "total": 0.10402250000000013,
            "count": 1,
            "self": 0.10402250000000013
        },
        "TrainerController.start_learning": {
            "total": 51.281295899999996,
            "count": 1,
            "self": 0.06352189999996938,
            "children": {
                "TrainerController._reset_env": {
                    "total": 11.4417311,
                    "count": 1,
                    "self": 11.4417311
                },
                "TrainerController.advance": {
                    "total": 39.61733040000003,
                    "count": 4167,
                    "self": 0.06341310000002665,
                    "children": {
                        "env_step": {
                            "total": 39.1394014000001,
                            "count": 4167,
                            "self": 26.22267420000035,
                            "children": {
                                "SubprocessEnvManager._take_step": {
                                    "total": 12.879382299999802,
                                    "count": 4168,
                                    "self": 0.17198020000000014,
                                    "children": {
                                        "TorchPolicy.evaluate": {
                                            "total": 12.707402099999802,
                                            "count": 4168,
                                            "self": 5.234187599999483,
                                            "children": {
                                                "TorchPolicy.sample_actions": {
                                                    "total": 7.473214500000319,
                                                    "count": 4168,
                                                    "self": 7.473214500000319
                                                }
                                            }
                                        }
                                    }
                                },
                                "workers": {
                                    "total": 0.037344899999945724,
                                    "count": 4166,
                                    "self": 0.0,
                                    "children": {
                                        "worker_root": {
                                            "total": 31.22019470000007,
                                            "count": 4166,
                                            "is_parallel": true,
                                            "self": 17.682239800000097,
                                            "children": {
                                                "steps_from_proto": {
                                                    "total": 0.003201999999999927,
                                                    "count": 1,
                                                    "is_parallel": true,
                                                    "self": 0.0012010999999993999,
                                                    "children": {
                                                        "_process_rank_one_or_two_observation": {
                                                            "total": 0.0020009000000005273,
                                                            "count": 2,
                                                            "is_parallel": true,
                                                            "self": 0.0020009000000005273
                                                        }
                                                    }
                                                },
                                                "UnityEnvironment.step": {
                                                    "total": 13.534752899999974,
                                                    "count": 4166,
                                                    "is_parallel": true,
                                                    "self": 0.23859990000027054,
                                                    "children": {
                                                        "UnityEnvironment._generate_step_input": {
                                                            "total": 0.2044298999997931,
                                                            "count": 4166,
                                                            "is_parallel": true,
                                                            "self": 0.2044298999997931
                                                        },
                                                        "communicator.exchange": {
                                                            "total": 12.20257480000005,
                                                            "count": 4166,
                                                            "is_parallel": true,
                                                            "self": 12.20257480000005
                                                        },
                                                        "steps_from_proto": {
                                                            "total": 0.8891482999998601,
                                                            "count": 4166,
                                                            "is_parallel": true,
                                                            "self": 0.5848731999997447,
                                                            "children": {
                                                                "_process_rank_one_or_two_observation": {
                                                                    "total": 0.3042751000001154,
                                                                    "count": 8332,
                                                                    "is_parallel": true,
                                                                    "self": 0.3042751000001154
                                                                }
                                                            }
                                                        }
                                                    }
                                                }
                                            }
                                        }
                                    }
                                }
                            }
                        },
                        "trainer_advance": {
                            "total": 0.41451589999990723,
                            "count": 4166,
                            "self": 0.07919779999965826,
                            "children": {
                                "process_trajectory": {
                                    "total": 0.335318100000249,
                                    "count": 4166,
                                    "self": 0.335318100000249
                                }
                            }
                        }
                    }
                },